"","aging","anatomical.structure.development","anatomical.structure.formation.involved.in.morphogenesis","autophagy","biosynthetic.process","carbohydrate.metabolic.process","catabolic.process","cell.adhesion","cell.cell.signaling","cell.cycle","cell.death","cell.differentiation","cell.division","cell.junction.organization","cell.morphogenesis","cell.motility","cell.proliferation","cellular.amino.acid.metabolic.process","cellular.component.assembly","cellular.nitrogen.compound.metabolic.process","cellular.protein.modification.process","chromosome.organization","chromosome.segregation","circulatory.system.process","cofactor.metabolic.process","cytoskeleton.dependent.intracellular.transport","cytoskeleton.organization","developmental.maturation","DNA.metabolic.process","embryo.development","extracellular.matrix.organization","generation.of.precursor.metabolites.and.energy","growth","homeostatic.process","immune.system.process","lipid.metabolic.process","locomotion","macromolecular.complex.assembly","membrane.organization","mitochondrion.organization","mRNA.processing","neurological.system.process","nitrogen.cycle.metabolic.process","nucleobase.containing.compound.catabolic.process","nucleocytoplasmic.transport","pigmentation","plasma.membrane.organization","protein.complex.assembly","protein.folding","protein.maturation","protein.targeting","reproduction","response.to.stress...general","response.to.stress...multicellular","ribonucleoprotein.complex.assembly","secondary.metabolic.process","signal.transduction","small.molecule.metabolic.process","sulfur.compound.metabolic.process","symbiosis..encompassing.mutualism.through.parasitism","translation","transmembrane.transport","transport","transposition","tRNA.metabolic.process","vacuolar.transport","vesicle.mediated.transport"
"rank56greater",44,54,61,58,25,41,26,19,63,1,2,3,64,27,42,4,32,65,5,20,21,6,7,22,55,66,8,51,9,28,10,36,56,39,11,29,12,13,30,45,40,57,23,33,34,49,43,14,31,46,52,24,15,16,50,62,17,37,59,18,47,60,35,53,67,48,38
"rank56less",20,11,6,8,37,25,38,44,1,50,51,52,2,39,26,53,33,3,54,45,46,55,56,47,12,4,57,15,58,40,59,30,13,28,60,41,61,62,42,21,29,14,48,34,35,18,27,63,43,22,16,49,64,65,19,7,66,31,9,67,23,10,36,17,5,24,32
"rank100greater",1,28,29,55,35,48,36,2,66,3,4,5,64,21,40,6,22,57,7,31,8,9,10,23,58,45,11,37,12,32,13,59,41,26,14,43,15,16,34,56,47,62,33,49,17,24,44,25,50,52,63,30,18,19,53,51,20,46,60,42,61,54,38,65,67,39,27
"rank100less",48,38,39,12,29,19,30,49,1,50,51,52,3,43,26,53,44,8,54,35,55,56,57,45,9,22,58,31,59,36,60,10,27,42,61,24,62,63,34,13,21,5,37,20,64,46,25,47,18,14,6,40,65,66,15,17,67,23,11,28,7,16,32,4,2,33,41
