format-version,1.2
name, reproduction
namespace, biological_process
name, nuclear chromosome
namespace, cellular_component
name, cytoplasmic chromosome
namespace, cellular_component
name, mitotic cell cycle
namespace, biological_process
name, cell morphogenesis
namespace, biological_process
name," transcription factor activity, protein binding"
namespace, molecular_function
name, immune system process
namespace, biological_process
name, circulatory system process
namespace, biological_process
name, molecular_function
namespace, molecular_function
name, DNA binding
namespace, molecular_function
name, DNA binding transcription factor activity
namespace, molecular_function
name, RNA binding
namespace, molecular_function
name, mRNA binding
namespace, molecular_function
name, structural constituent of ribosome
namespace, molecular_function
name, GTPase activity
namespace, molecular_function
name, helicase activity
namespace, molecular_function
name, nuclease activity
namespace, molecular_function
name, signal transducer activity
namespace, molecular_function
name, structural molecule activity
namespace, molecular_function
name, cellular_component
namespace, cellular_component
name, extracellular region
namespace, cellular_component
name, proteinaceous extracellular matrix
namespace, cellular_component
name, extracellular space
namespace, cellular_component
name, cell wall
namespace, cellular_component
name, intracellular
namespace, cellular_component
name, cell
namespace, cellular_component
name, nucleus
namespace, cellular_component
name, nuclear envelope
namespace, cellular_component
name, nucleoplasm
namespace, cellular_component
name, chromosome
namespace, cellular_component
name, nucleolus
namespace, cellular_component
name, cytoplasm
namespace, cellular_component
name, mitochondrion
namespace, cellular_component
name, lysosome
namespace, cellular_component
name, endosome
namespace, cellular_component
name, vacuole
namespace, cellular_component
name, peroxisome
namespace, cellular_component
name, endoplasmic reticulum
namespace, cellular_component
name, Golgi apparatus
namespace, cellular_component
name, lipid droplet
namespace, cellular_component
name, microtubule organizing center
namespace, cellular_component
name, cytosol
namespace, cellular_component
name, ribosome
namespace, cellular_component
name, cytoskeleton
namespace, cellular_component
name, plasma membrane
namespace, cellular_component
name, cilium
namespace, cellular_component
name, carbohydrate metabolic process
namespace, biological_process
name, generation of precursor metabolites and energy
namespace, biological_process
name, DNA metabolic process
namespace, biological_process
name, mRNA processing
namespace, biological_process
name, tRNA metabolic process
namespace, biological_process
name, translation
namespace, biological_process
name, protein folding
namespace, biological_process
name, protein complex assembly
namespace, biological_process
name, cellular protein modification process
namespace, biological_process
name, cellular amino acid metabolic process
namespace, biological_process
name, protein targeting
namespace, biological_process
name, lipid metabolic process
namespace, biological_process
name, sulfur compound metabolic process
namespace, biological_process
name, transport
namespace, biological_process
name, nucleocytoplasmic transport
namespace, biological_process
name, autophagy
namespace, biological_process
name, response to stress
namespace, biological_process
name, mitochondrion organization
namespace, biological_process
name, plasma membrane organization
namespace, biological_process
name, cytoskeleton organization
namespace, biological_process
name, vacuolar transport
namespace, biological_process
name, cell cycle
namespace, biological_process
name, chromosome segregation
namespace, biological_process
name, cell adhesion
namespace, biological_process
name, signal transduction
namespace, biological_process
name, cell-cell signaling
namespace, biological_process
name, aging
namespace, biological_process
name, cytoskeletal protein binding
namespace, molecular_function
name, transcription factor binding
namespace, molecular_function
name," translation factor activity, RNA binding"
namespace, molecular_function
name, biological_process
namespace, biological_process
name, methyltransferase activity
namespace, molecular_function
name, cell death
namespace, biological_process
name, peptidase activity
namespace, molecular_function
name, cell proliferation
namespace, biological_process
name, lipid binding
namespace, molecular_function
name, protein transporter activity
namespace, molecular_function
name, catabolic process
namespace, biological_process
name, biosynthetic process
namespace, biological_process
name, plastid
namespace, cellular_component
name, thylakoid
namespace, cellular_component
name, embryo development
namespace, biological_process
name, photosynthesis
namespace, biological_process
name, vesicle-mediated transport
namespace, biological_process
name, kinase activity
namespace, molecular_function
name, oxidoreductase activity
namespace, molecular_function
name," transferase activity, transferring acyl groups"
namespace, molecular_function
name," transferase activity, transferring glycosyl groups"
namespace, molecular_function
name," transferase activity, transferring alkyl or aryl (other than methyl) groups"
namespace, molecular_function
name, nucleotidyltransferase activity
namespace, molecular_function
name, phosphatase activity
namespace, molecular_function
name," hydrolase activity, acting on glycosyl bonds"
namespace, molecular_function
name," hydrolase activity, acting on carbon-nitrogen (but not peptide) bonds"
namespace, molecular_function
name, lyase activity
namespace, molecular_function
name, isomerase activity
namespace, molecular_function
name, ligase activity
namespace, molecular_function
name, ATPase activity
namespace, molecular_function
name, secondary metabolic process
namespace, biological_process
name, rRNA binding
namespace, molecular_function
name, enzyme binding
namespace, molecular_function
name, developmental maturation
namespace, biological_process
name, cellular component assembly
namespace, biological_process
name, ribonucleoprotein complex assembly
namespace, biological_process
name, transmembrane transporter activity
namespace, molecular_function
name, cell differentiation
namespace, biological_process
name, extracellular matrix organization
namespace, biological_process
name, enzyme regulator activity
namespace, molecular_function
name, external encapsulating structure
namespace, cellular_component
name, triplet codon-amino acid adaptor activity
namespace, molecular_function
name, RNA modification guide activity
namespace, molecular_function
name," protein binding, bridging"
namespace, molecular_function
name, cytoskeleton-dependent intracellular transport
namespace, biological_process
name, cytoplasmic vesicle
namespace, cellular_component
name, ubiquitin-like protein binding
namespace, molecular_function
name, transposition
namespace, biological_process
name, cell junction organization
namespace, biological_process
name, cellular nitrogen compound metabolic process
namespace, biological_process
name, nucleobase-containing compound catabolic process
namespace, biological_process
name, growth
namespace, biological_process
name, locomotion
namespace, biological_process
name, ribosome biogenesis
namespace, biological_process
name, histone binding
namespace, molecular_function
name, homeostatic process
namespace, biological_process
name, ion binding
namespace, molecular_function
name, organelle
namespace, cellular_component
name, protein complex
namespace, cellular_component
name, pigmentation
namespace, biological_process
name, small molecule metabolic process
namespace, biological_process
name," symbiosis, encompassing mutualism through parasitism"
namespace, biological_process
name, anatomical structure formation involved in morphogenesis
namespace, biological_process
name, anatomical structure development
namespace, biological_process
name, cell motility
namespace, biological_process
name, nervous system process
namespace, biological_process
name, unfolded protein binding
namespace, molecular_function
name, cofactor metabolic process
namespace, biological_process
name, chromosome organization
namespace, biological_process
name, cell division
namespace, biological_process
name, protein maturation
namespace, biological_process
name, transmembrane transport
namespace, biological_process
name, membrane organization
namespace, biological_process
name, macromolecular complex assembly
namespace, biological_process
name, cell wall organization or biogenesis
namespace, biological_process
name, nitrogen cycle metabolic process
namespace, biological_process
name, mitotic nuclear division
namespace, biological_process
name, ends_during
namespace, external
name, happens_during
namespace, external
name, has_part
namespace, external
name, negatively regulates
namespace, external
name, never_in_taxon
namespace, external
name, occurs in
namespace, external
name, part of
namespace, external
name, positively regulates
namespace, external
name, regulates
namespace, external
name, starts_during
namespace, external
